"Guid","Name","SBQQ__MethodName__c","SBQQ__Version__c"
0400f2b4-d5f6-4768-b2eb-7a4a4da575e3,a2X5f000000P9uD,enableFlagToPreventBackdatedAmendments,228.7
0cf33e41-1f6d-4547-9a25-2d078a4f7700,a2X5f000001zI3C,SBQQ.InstallProcessorBatchQLIPriceBookEntry,228.7
0d244ed7-ecd8-4d08-bc5d-3e805981ebb3,a2X5f000000P9uT,SBQQ.ProductRuleRefFieldGenerator,228.7
122552c1-a963-46f4-81d8-869150cdd144,a2X5f000000P9uQ,SBQQ.DiscountScheduleRefFieldGenerator,228.7
1be4908b-bdca-425d-b321-9af7c2208339,a2X5f000000P9uW,SBQQ.CustomActionRefFieldGenerator,228.7
2031547a-3743-491d-bafc-f3000d3558f0,a2X5f000001zI4j,SBQQ.RootIdSetterChildSubscriptions,228.7
20f9872d-1c8a-47ce-91c0-c2ebb8d8833f,a2X5f000000P9uJ,SBQQ.InstallProcessorBatchQLIPriceBookEntry,228.7
23cad723-5c4e-4579-9686-bd16ccf8c7d9,a2X5f000000P9uC,createConfiguratorEditRulesAction,228.7
243cc15e-700d-4da8-8ac3-f9d1feda7c0b,a2X5f000001zI45,SBQQ.SummaryVarRefFieldGenerator,228.7
3cb11606-1011-4913-8e1a-b3e3ae44dda5,a2X5f000001zI3l,SBQQ.InstallProcessorBatchLocalizationIndex,228.7
3f80e571-6d61-482c-bfae-9384c5057c1f,a2X5f000000P9uI,SBQQ.BatchablePluginTranspileUtil,228.7
455366a1-1321-47a3-b386-a6072550ca20,a2X5f000001zI40,SBQQ.InstallProcessorBatchThemeGenerator,228.7
4b697798-c994-41e4-8a37-cb7e2781e8f1,a2X5f000000P9uS,SBQQ.SummaryVarRefFieldGenerator,228.7
55658b7e-a4e3-4731-b635-bab0a6494b83,a2X5f000001zI3M,SBQQ.BatchablePluginTranspileUtil,228.7
55b26b44-780a-458e-88d5-ca0bb6513e3e,a2X5f000000P9uX,SBQQ.ProductRefFieldGenerator,228.7
5d4b2b78-f05d-4018-8370-267c989859d8,a2X5f000001zI4F,SBQQ.PriceRuleRefFieldGenerator,228.7
6254ee0e-6275-45f1-9062-8ed256e47a01,a2X5f000000P9uV,SBQQ.InstallProcessorBatchHasCS,228.7
655ad165-ff3f-4eb5-a07f-c789494742e6,a2X5f000000P9uG,SBQQ.InstallProcessorBatchQuantityEditable,228.7
66a498e0-77ae-4ba1-8eb7-c57a46d086ac,a2X5f000000P9uA,createAmendSubscriptionsCustomQleAction,228.7
675dbda3-922a-48a9-a475-6c205c93c071,a2X5f000000P9uP,SBQQ.InstallProcessorBatchAssetCombineKey,228.7
6b5ffaa5-a0c1-45ab-8c25-f32f2502d194,a2X5f000001zI3b,SBQQ.InstallProcessorBatchRequiredByAsset,228.7
6d18c9c3-7331-4264-b28a-63a5f8b6d377,a2X5f000001zI4e,SBQQ.RootIdSetterParentAssets,228.7
7647a32c-ec2f-49e0-b8ac-563c0cb589d6,a2X5f000000P9uZ,SBQQ.RootIdSetterParentSubscriptions,228.7
7e3cba26-bafa-410e-b30e-ddb11951e35a,a2X5f000001zI4Z,SBQQ.RootIdSetterParentSubscriptions,228.7
8e2d4a87-947e-4bd3-a135-0f4fc991d524,a2X5f000001zI4K,SBQQ.CustomActionRefFieldGenerator,228.7
9aa67c43-fc2d-460a-ba5c-cca10ea63537,a2X5f000001zI3R,CalculatorReferencedFieldRemover,228.7
a0bd1541-a90d-440c-8b2b-5a409a1e0898,a2X5f000000P9uL,SBQQ.ReferencedFieldRemover,228.7
a64fcbe0-ba6a-4417-854d-15800c90a7ef,a2X5f000000P9u7,createCustomActionsOnQLE,228.7
a7bb2938-4a75-451b-b41f-226be2f232c4,a2X5f000000P9u8,createViewConsumptionScheduleLineAction,228.7
a7e5a5d5-dbec-4e63-88e0-5eff14a7d65a,a2X5f000000P9ub,SBQQ.RootIdSetterChildSubscriptions,228.7
a8c0a6d0-441f-424c-9592-a9ba5e455ec3,a2X5f000000P9u9,createExternalConfiguratorCustomAction,228.7
a8d902b8-e611-426b-9bdf-4e9da68b3e17,a2X5f000000P9uO,SBQQ.InstallProcessorBatchThemeGenerator,228.7
aba1e457-8413-4073-85bc-dfb0a02befb9,a2X5f000000P9uN,SBQQ.BatchableDSExclusionGenerator,228.7
af41894f-103f-477d-97c8-7d14e0fbe487,a2X5f000000P9uH,CalculatorReferencedFieldRemover,228.7
b0501196-870c-4082-b263-3ad2250e400a,a2X5f000000P9uM,SBQQ.InstallProcessorBatchLocalizationIndex,228.7
b42094ec-97dd-4121-9d67-dbd4cf98ee19,a2X5f000000P9uc,SBQQ.RootIdSetterChildAssets,228.7
b4d4337e-1432-4363-9802-eb0fcb0f60a5,a2X5f000000P9uY,SBQQ.BatchableConfigAttrReferencedFieldUtil,228.7
b4e765ff-f07e-4bce-af12-43fa3987c299,a2X5f000000P9uF,SBQQ.InstallProcessorBatchRegularPrice,228.7
b9dc7a3d-f63f-4670-b467-8a39a0357519,a2X5f000001zI3H,SBQQ.InstallProcessorBatchRegularPrice,228.7
c68e58b7-5e34-4a2a-b0c1-d9c02047deaf,a2X5f000001zI3W,SBQQ.BatchableDSExclusionGenerator,228.7
ca47ee46-7eb0-4f2e-b8e3-e1789e927caa,a2X5f000000P9uU,SBQQ.PriceRuleRefFieldGenerator,228.7
d317199b-a54d-4718-96b2-f66528bae39b,a2X5f000000P9uE,createAddRecommendedProductsAction,228.7
d4bd809a-c95c-4120-bb36-b74e90c3cdb8,a2X5f000001zI3q,SBQQ.InstallProcessorBatchAssetCombineKey,228.7
dd2508be-a5df-4df6-aefa-c1985d56784e,a2X5f000001zI3v,SBQQ.DiscountScheduleRefFieldGenerator,228.7
ddbf8a05-9993-44f9-83d6-9935f4aa6a34,a2X5f000001zI3g,SBQQ.ReferencedFieldRemover,228.7
ddd578f0-6836-49f1-8584-71fd7b07ff2f,a2X5f000000P9uK,SBQQ.InstallProcessorBatchRequiredByAsset,228.7
ded0feb4-aabd-4a08-9677-7961465bc3ee,a2X5f000001zI4o,SBQQ.RootIdSetterChildAssets,228.7
e8670a68-3ed5-46fe-822e-df3bd580f6a3,a2X5f000000P9ua,SBQQ.RootIdSetterParentAssets,228.7
ea29cdf2-99b8-4966-b611-0c35ed4ae272,a2X5f000000P9uR,updateOIsWithAssetsContractsSubs,228.7
f6fd6529-2ac6-4bc5-af6b-9a65e4a24f01,a2X5f000001zI4A,SBQQ.ProductRuleRefFieldGenerator,228.7
f7be6984-0d56-4141-b9f2-704e66410e44,a2X5f000001zI4U,SBQQ.BatchableConfigAttrReferencedFieldUtil,228.7
fda1d699-c06b-44e5-a480-76b2d98cd3d1,a2X5f000000P9uB,viewPricingGuidanceLineAction,228.7
fe00d686-4399-4249-876b-71689dd4e0f5,a2X5f000001zI4P,SBQQ.ProductRefFieldGenerator,228.7
